exp,run,case,span_min,start,end
01-typed-envelope,live-r1,te-01,0.11,08-25 00:12:07,08-25 00:12:14
01-typed-envelope,live-r1,te-02,0.43,08-25 00:21:32,08-25 00:21:58
01-typed-envelope,live-r1,te-03,0.13,08-25 00:27:51,08-25 00:27:58
01-typed-envelope,live-r1,te-04,0.11,08-25 00:35:15,08-25 00:35:22
01-typed-envelope,live-r1,te-05,0.4,08-25 00:44:41,08-25 00:45:05
01-typed-envelope,live-r1,te-06,0.13,08-25 00:50:04,08-25 00:50:12
01-typed-envelope,live-r1,te-07,9.75,08-25 01:00:02,08-25 01:09:47
01-typed-envelope,live-r1,te-08,9.64,08-25 01:18:44,08-25 01:28:22
01-typed-envelope,live-r1,te-09,9.85,08-25 01:35:47,08-25 01:45:38
01-typed-envelope,live-r1,te-10,0.13,08-25 01:51:49,08-25 01:51:57
01-typed-envelope,live-r1,te-11,9.82,08-25 01:58:45,08-25 02:08:35
01-typed-envelope,live-r1,te-12,9.9,08-25 02:14:50,08-25 02:24:44
01-typed-envelope,live-r1,te-13,0.15,08-25 02:30:59,08-25 02:31:08
01-typed-envelope,live-r1,te-14,4.97,08-25 02:35:29,08-25 02:40:27
01-typed-envelope,live-r1,te-15,0.15,08-25 02:43:51,08-25 02:44:00
01-typed-envelope,live-r1,te-16,0.14,08-25 02:47:17,08-25 02:47:25
01-typed-envelope,live-r1,te-17,0.14,08-25 02:50:44,08-25 02:50:52
01-typed-envelope,live-r1,te-18,0.14,08-25 02:54:23,08-25 02:54:32
01-typed-envelope,live-r1,te-19,9.43,08-25 02:58:38,08-25 03:08:04
01-typed-envelope,live-r1,te-20,9.1,08-25 03:17:38,08-25 03:26:44
01-typed-envelope,live-r1,te-21,0.14,08-25 03:34:02,08-25 03:34:11
01-typed-envelope,live-r1,te-22,0.14,08-25 03:37:14,08-25 03:37:22
01-typed-envelope,live-r1,te-23,0.14,08-25 03:43:23,08-25 03:43:32
01-typed-envelope,live-r1,te-24,0.14,08-25 03:45:40,08-25 03:45:48
01-typed-envelope,live-r1,te-25,7.43,08-25 03:55:00,08-25 04:02:26
01-typed-envelope,live-r1,te-26,8.18,08-25 04:10:31,08-25 04:18:42
01-typed-envelope,live-r1,te-27,9.09,08-25 04:26:37,08-25 04:35:42
01-typed-envelope,live-r1,te-28,9.89,08-25 04:44:51,08-25 04:54:44
01-typed-envelope,live-r1,te-29,9.07,08-25 05:02:19,08-25 05:11:23
01-typed-envelope,live-r1,te-30,3.58,08-25 05:14:40,08-25 05:18:15
01-typed-envelope,live-r1,te-31,9.1,08-25 05:27:36,08-25 05:36:42
01-typed-envelope,live-r1,te-32,9.28,08-25 05:45:51,08-25 05:55:08
01-typed-envelope,live-r1,te-33,9.11,08-25 06:04:20,08-25 06:13:27
01-typed-envelope,live-r1,te-34,9.23,08-25 06:22:37,08-25 06:31:51
01-typed-envelope,live-r1,te-35,9.2,08-25 06:41:02,08-25 06:50:14
01-typed-envelope,live-r1,te-36,9.3,08-25 06:59:27,08-25 07:08:45
01-typed-envelope,live-r2,te-07,9.9,08-25 07:27:28,08-25 07:37:22
01-typed-envelope,live-r2,te-08,9.77,08-25 07:43:51,08-25 07:53:37
01-typed-envelope,live-r2,te-09,7.71,08-25 08:00:16,08-25 08:07:58
01-typed-envelope,live-r2,te-11,0.13,08-25 08:14:53,08-25 08:15:00
01-typed-envelope,live-r2,te-12,0.13,08-25 08:19:31,08-25 08:19:39
01-typed-envelope,live-r2,te-19,9.4,08-25 08:23:48,08-25 08:33:13
01-typed-envelope,live-r2,te-25,8.89,08-25 08:43:19,08-25 08:52:13
01-typed-envelope,live-r2,te-26,0.13,08-25 08:56:48,08-25 08:56:55
01-typed-envelope,live-r2,te-27,0.13,08-25 09:03:36,08-25 09:03:44
01-typed-envelope,live-r2,te-28,5.28,08-25 09:07:58,08-25 09:13:14
01-typed-envelope,live-r2,te-29,0.14,08-25 09:19:00,08-25 09:19:08
01-typed-envelope,live-r2,te-30,0.14,08-25 09:24:21,08-25 09:24:29
01-typed-envelope,live-r2,te-31,4.21,08-25 09:30:31,08-25 09:34:44
01-typed-envelope,live-r2,te-32,10.21,08-25 09:43:54,08-25 09:54:07
01-typed-envelope,live-r2,te-33,9.58,08-25 10:01:13,08-25 10:10:48
01-typed-envelope,live-r2,te-34,9.56,08-25 10:18:18,08-25 10:27:52
01-typed-envelope,live-r2,te-35,9.33,08-25 10:37:13,08-25 10:46:33
01-typed-envelope,live-r2,te-36,9.52,08-25 10:50:57,08-25 11:00:28
01-typed-envelope,live-r3,te-07,3.55,08-25 11:24:15,08-25 11:27:49
01-typed-envelope,live-r3,te-08,0.12,08-25 11:36:16,08-25 11:36:23
01-typed-envelope,live-r3,te-09,3.06,08-25 11:41:59,08-25 11:45:03
01-typed-envelope,live-r3,te-19,9.02,08-25 11:50:24,08-25 11:59:25
01-typed-envelope,live-r3,te-31,10.1,08-25 12:09:30,08-25 12:19:36
01-typed-envelope,live-r3,te-32,0.55,08-25 12:29:34,08-25 12:30:07
01-typed-envelope,live-r3,te-33,0.45,08-25 12:39:07,08-25 12:39:34
01-typed-envelope,live-r3,te-35,11.17,08-25 12:46:42,08-25 12:57:52
01-typed-envelope,live-r3,te-36,0.74,08-25 13:10:32,08-25 13:11:17
01-typed-envelope,live-r4,te-07,9.15,08-25 13:46:02,08-25 13:55:11
01-typed-envelope,live-r4,te-09,0.12,08-25 13:57:02,08-25 13:57:09
01-typed-envelope,live-r4,te-32,9.25,08-25 14:05:26,08-25 14:14:42
01-typed-envelope,live-r4,te-36,8.03,08-25 14:19:17,08-25 14:27:19
01-typed-envelope,live-r5,te-36,10.53,08-25 14:49:02,08-25 14:59:34
02-digest,live-r1,dg-01,0.4,08-25 15:17:00,08-25 15:17:24
02-digest,live-r1,dg-02,0.12,08-25 15:22:42,08-25 15:22:49
02-digest,live-r1,dg-03,0.12,08-25 15:26:51,08-25 15:26:58
02-digest,live-r2,dg-04,0.26,08-25 16:17:10,08-25 16:17:25
02-digest,live-r2,dg-05,0.29,08-25 16:17:41,08-25 16:17:59
02-digest,live-r2,dg-06,0.29,08-25 16:18:15,08-25 16:18:32
02-digest,live-r2,dg-07,0.29,08-25 16:18:47,08-25 16:19:05
02-digest,live-r2,dg-08,0.28,08-25 16:19:20,08-25 16:19:37
02-digest,live-r2,dg-09,0.29,08-25 16:19:52,08-25 16:20:10
02-digest,live-r2,dg-10,0.28,08-25 16:20:26,08-25 16:20:42
02-digest,live-r2,dg-11,0.28,08-25 16:20:58,08-25 16:21:14
02-digest,live-r2,dg-12,0.29,08-25 16:21:30,08-25 16:21:47
02-digest,live-r2,dg-13,0.33,08-25 16:22:06,08-25 16:22:25
02-digest,live-r2,dg-14,0.33,08-25 16:22:44,08-25 16:23:03
02-digest,live-r2,dg-15,0.03,08-25 16:23:30,08-25 16:23:31
02-digest,live-r2,dg-16,1.28,08-25 16:23:51,08-25 16:25:08
02-digest,live-r2,dg-17,0.03,08-25 16:25:19,08-25 16:25:21
02-digest,live-r2,dg-18,0.32,08-25 16:25:40,08-25 16:25:59
02-digest,live-r2,dg-19,0.29,08-25 16:26:16,08-25 16:26:33
02-digest,live-r2,dg-20,0.28,08-25 16:26:50,08-25 16:27:06
02-digest,live-r2,dg-21,0.28,08-25 16:27:22,08-25 16:27:39
02-digest,live-r2,dg-22,0.29,08-25 16:27:56,08-25 16:28:13
02-digest,live-r2,dg-23,0.03,08-25 16:28:23,08-25 16:28:25
02-digest,live-r2,dg-24,0.13,08-25 16:28:35,08-25 16:28:43
02-digest,live-r2,dg-25,0.32,08-25 16:29:01,08-25 16:29:21
02-digest,live-r2,dg-26,0.33,08-25 16:29:39,08-25 16:29:58
02-digest,live-r2,dg-27,0.34,08-25 16:30:17,08-25 16:30:37
02-digest,live-r2,dg-28,0.33,08-25 16:30:55,08-25 16:31:15
02-digest,live-r2,dg-29,0.33,08-25 16:31:34,08-25 16:31:53
02-digest,live-r2,dg-30,0.33,08-25 16:32:12,08-25 16:32:31
02-digest,live-r2,dg-31,0.31,08-25 16:32:48,08-25 16:33:07
02-digest,live-r2,dg-32,0.3,08-25 16:33:24,08-25 16:33:42
02-digest,live-r2,dg-33,0.3,08-25 16:34:00,08-25 16:34:18
02-digest,live-r2,dg-34,0.03,08-25 16:34:28,08-25 16:34:30
02-digest,live-r2,dg-35,0.03,08-25 16:34:41,08-25 16:34:43
02-digest,live-r2,dg-36,0.03,08-25 16:34:53,08-25 16:34:55
02-digest,live-r3,dg-05,1.7,08-25 16:44:25,08-25 16:46:07
02-digest,live-r3,dg-06,0.03,08-25 16:46:57,08-25 16:46:59
02-digest,live-r3,dg-07,0.03,08-25 16:47:52,08-25 16:47:54
02-digest,live-r3,dg-08,1.32,08-25 16:49:57,08-25 16:51:16
02-digest,live-r3,dg-09,0.03,08-25 16:51:57,08-25 16:51:59
02-digest,live-r3,dg-10,0.03,08-25 16:52:54,08-25 16:52:56
02-digest,live-r3,dg-11,0.03,08-25 16:53:32,08-25 16:53:34
02-digest,live-r3,dg-12,1.48,08-25 16:55:37,08-25 16:57:05
02-digest,live-r3,dg-13,0.03,08-25 16:57:49,08-25 16:57:51
02-digest,live-r3,dg-14,0.03,08-25 16:58:30,08-25 16:58:31
02-digest,live-r3,dg-19,0.03,08-25 16:59:58,08-25 17:00:00
02-digest,live-r3,dg-20,0.03,08-25 17:00:56,08-25 17:00:58
02-digest,live-r3,dg-21,2.05,08-25 17:01:15,08-25 17:03:18
02-digest,live-r3,dg-22,0.3,08-25 17:03:35,08-25 17:03:53
02-digest,live-r3,dg-25,2.1,08-25 17:05:59,08-25 17:08:04
02-digest,live-r3,dg-26,0.35,08-25 17:10:11,08-25 17:10:32
02-digest,live-r3,dg-27,1.19,08-25 17:12:39,08-25 17:13:50
02-digest,live-r3,dg-28,0.27,08-25 17:15:36,08-25 17:15:52
02-digest,live-r3,dg-29,0.03,08-25 17:17:30,08-25 17:17:32
02-digest,live-r3,dg-30,2.13,08-25 17:19:39,08-25 17:21:47
02-digest,live-r3,dg-31,0.03,08-25 17:23:10,08-25 17:23:12
02-digest,live-r3,dg-32,0.32,08-25 17:25:19,08-25 17:25:38
02-digest,live-r3,dg-33,0.03,08-25 17:26:26,08-25 17:26:28
02-digest,live-r4,dg-08,0.25,08-25 17:34:59,08-25 17:35:14
02-digest,live-r4,dg-12,0.25,08-25 17:36:59,08-25 17:37:14
02-digest,live-r4,dg-21,1.18,08-25 17:37:31,08-25 17:38:42
02-digest,live-r4,dg-22,0.03,08-25 17:39:25,08-25 17:39:26
02-digest,live-r4,dg-25,1.77,08-25 17:39:46,08-25 17:41:32
02-digest,live-r4,dg-26,2.12,08-25 17:41:59,08-25 17:44:06
02-digest,live-r4,dg-27,0.26,08-25 17:45:52,08-25 17:46:07
02-digest,live-r4,dg-30,0.35,08-25 17:48:15,08-25 17:48:36
02-digest,live-r4,dg-32,0.03,08-25 17:49:13,08-25 17:49:15
02-digest,live-r5,dg-21,0.03,08-25 17:55:39,08-25 17:55:41
02-digest,live-r5,dg-25,0.36,08-25 17:57:48,08-25 17:58:10
02-digest,live-r5,dg-26,2.12,08-25 17:58:37,08-25 18:00:45
02-digest,live-r5,dg-30,2.1,08-25 18:01:04,08-25 18:03:11
03-cache-addressing,live-r1,ca-01,0.5,08-25 18:05:33,08-25 18:06:03
03-cache-addressing,live-r1,ca-02,1.0,08-25 18:06:19,08-25 18:07:19
03-cache-addressing,live-r1,ca-03,1.97,08-25 18:07:40,08-25 18:09:38
03-cache-addressing,live-r1,ca-04,1.97,08-25 18:10:02,08-25 18:12:00
03-cache-addressing,live-r1,ca-05,0.03,08-25 18:13:32,08-25 18:13:34
03-cache-addressing,live-r1,ca-06,1.57,08-25 18:15:36,08-25 18:17:10
03-cache-addressing,live-r1,ca-07,0.22,08-25 18:17:25,08-25 18:17:38
03-cache-addressing,live-r1,ca-08,1.29,08-25 18:17:55,08-25 18:19:13
03-cache-addressing,live-r1,ca-09,0.99,08-25 18:19:32,08-25 18:20:32
03-cache-addressing,live-r1,ca-10,1.36,08-25 18:20:50,08-25 18:22:11
03-cache-addressing,live-r1,ca-11,1.97,08-25 18:22:37,08-25 18:24:36
03-cache-addressing,live-r1,ca-12,1.99,08-25 18:24:55,08-25 18:26:54
03-cache-addressing,live-r1,ca-13,0.22,08-25 18:27:10,08-25 18:27:24
03-cache-addressing,live-r1,ca-14,0.87,08-25 18:28:27,08-25 18:29:18
03-cache-addressing,live-r1,ca-15,0.03,08-25 18:30:18,08-25 18:30:20
03-cache-addressing,live-r1,ca-16,0.03,08-25 18:31:28,08-25 18:31:30
03-cache-addressing,live-r1,ca-17,0.26,08-25 18:33:14,08-25 18:33:29
03-cache-addressing,live-r1,ca-18,0.23,08-25 18:35:31,08-25 18:35:45
03-cache-addressing,live-r1,ca-19,0.03,08-25 18:37:14,08-25 18:37:16
03-cache-addressing,live-r1,ca-20,0.03,08-25 18:38:39,08-25 18:38:41
03-cache-addressing,live-r1,ca-21,0.03,08-25 18:39:55,08-25 18:39:57
03-cache-addressing,live-r1,ca-22,0.03,08-25 18:41:29,08-25 18:41:31
03-cache-addressing,live-r1,ca-23,0.82,08-25 18:42:01,08-25 18:42:50
03-cache-addressing,live-r1,ca-24,0.03,08-25 18:43:59,08-25 18:44:01
03-cache-addressing,live-r1,ca-25,0.03,08-25 18:45:26,08-25 18:45:27
03-cache-addressing,live-r1,ca-26,0.03,08-25 18:46:17,08-25 18:46:19
03-cache-addressing,live-r1,ca-27,2.11,08-25 18:46:50,08-25 18:48:57
03-cache-addressing,live-r1,ca-28,0.03,08-25 18:50:41,08-25 18:50:43
03-cache-addressing,live-r1,ca-29,0.03,08-25 18:51:21,08-25 18:51:23
03-cache-addressing,live-r1,ca-30,2.01,08-25 18:51:55,08-25 18:53:55
03-cache-addressing,live-r1,ca-31,0.03,08-25 18:55:40,08-25 18:55:42
03-cache-addressing,live-r1,ca-32,0.74,08-25 18:56:14,08-25 18:56:58
03-cache-addressing,live-r1,ca-33,0.03,08-25 18:57:38,08-25 18:57:40
03-cache-addressing,live-r1,ca-34,0.03,08-25 18:58:19,08-25 18:58:21
03-cache-addressing,live-r1,ca-35,0.71,08-25 18:58:59,08-25 18:59:42
03-cache-addressing,live-r1,ca-36,0.77,08-25 19:00:12,08-25 19:00:58
03-cache-addressing,live-r1,ca-37,0.03,08-25 19:01:55,08-25 19:01:57
03-cache-addressing,live-r1,ca-38,0.03,08-25 19:03:07,08-25 19:03:09
03-cache-addressing,live-r1,ca-39,0.21,08-25 19:03:24,08-25 19:03:37
03-cache-addressing,live-r1,ca-40,0.03,08-25 19:04:26,08-25 19:04:28
03-cache-addressing,live-r1,ca-41,0.03,08-25 19:05:22,08-25 19:05:23
03-cache-addressing,live-r1,ca-42,0.22,08-25 19:05:39,08-25 19:05:52
03-cache-addressing,live-r1,ca-43,0.21,08-25 19:06:07,08-25 19:06:20
03-cache-addressing,live-r1,ca-44,0.03,08-25 19:07:14,08-25 19:07:16
03-cache-addressing,live-r1,ca-45,0.21,08-25 19:07:31,08-25 19:07:43
03-cache-addressing,live-r1,ca-46,0.22,08-25 19:07:59,08-25 19:08:12
03-cache-addressing,live-r1,ca-47,0.26,08-25 19:09:53,08-25 19:10:08
03-cache-addressing,live-r1,ca-48,0.22,08-25 19:10:24,08-25 19:10:38
03-cache-addressing,live-r1,ca-49,2.0,08-25 19:12:01,08-25 19:14:01
03-cache-addressing,live-r1,ca-50,2.0,08-25 19:14:26,08-25 19:16:26
03-cache-addressing,live-r1,ca-51,0.26,08-25 19:17:04,08-25 19:17:19
03-cache-addressing,live-r1,ca-52,1.99,08-25 19:17:58,08-25 19:19:57
03-cache-addressing,live-r1,ca-53,2.0,08-25 19:20:44,08-25 19:22:44
03-cache-addressing,live-r1,ca-54,0.25,08-25 19:24:28,08-25 19:24:44
03-cache-addressing,live-r1,ca-55,2.11,08-25 19:26:47,08-25 19:28:53
03-cache-addressing,live-r1,ca-56,1.39,08-25 19:29:11,08-25 19:30:35
03-cache-addressing,live-r1,ca-57,2.01,08-25 19:31:03,08-25 19:33:03
03-cache-addressing,live-r1,ca-58,1.98,08-25 19:33:21,08-25 19:35:20
03-cache-addressing,live-r1,ca-59,0.25,08-25 19:37:23,08-25 19:37:38
03-cache-addressing,live-r1,ca-60,1.67,08-25 19:38:06,08-25 19:39:46
03-cache-addressing,live-r1,ca-61,0.8,08-25 19:41:47,08-25 19:42:35
03-cache-addressing,live-r1,ca-62,0.03,08-25 19:43:18,08-25 19:43:20
03-cache-addressing,live-r1,ca-63,0.03,08-25 19:44:08,08-25 19:44:10
03-cache-addressing,live-r1,ca-64,0.03,08-25 19:45:47,08-25 19:45:49
03-cache-addressing,live-r1,ca-65,0.03,08-25 19:46:31,08-25 19:46:33
03-cache-addressing,live-r1,ca-66,0.03,08-25 19:47:13,08-25 19:47:16
03-cache-addressing,live-r1,ca-67,0.03,08-25 19:47:40,08-25 19:47:41
03-cache-addressing,live-r1,ca-68,0.03,08-25 19:48:21,08-25 19:48:22
03-cache-addressing,live-r1,ca-69,0.03,08-25 19:48:58,08-25 19:49:00
03-cache-addressing,live-r1,ca-70,0.03,08-25 19:49:33,08-25 19:49:35
03-cache-addressing,live-r1,ca-71,0.03,08-25 19:50:17,08-25 19:50:19
03-cache-addressing,live-r1,ca-72,0.03,08-25 19:50:45,08-25 19:50:47
03-cache-addressing,live-r2,ca-03,0.03,08-25 20:06:02,08-25 20:06:04
03-cache-addressing,live-r2,ca-07,0.21,08-25 20:06:19,08-25 20:06:32
03-cache-addressing,live-r2,ca-09,0.03,08-25 20:07:07,08-25 20:07:08
03-cache-addressing,live-r2,ca-10,1.44,08-25 20:07:27,08-25 20:08:53
03-cache-addressing,live-r2,ca-11,0.85,08-25 20:09:09,08-25 20:09:59
03-cache-addressing,live-r2,ca-12,0.03,08-25 20:11:01,08-25 20:11:03
03-cache-addressing,live-r2,ca-13,0.03,08-25 20:11:37,08-25 20:11:39
03-cache-addressing,live-r2,ca-14,1.21,08-25 20:12:59,08-25 20:14:12
03-cache-addressing,live-r2,ca-18,1.97,08-25 20:16:11,08-25 20:18:09
03-cache-addressing,live-r2,ca-27,0.03,08-25 20:18:51,08-25 20:18:53
03-cache-addressing,live-r2,ca-30,0.03,08-25 20:19:40,08-25 20:19:42
03-cache-addressing,live-r2,ca-32,0.78,08-25 20:20:24,08-25 20:21:11
03-cache-addressing,live-r2,ca-39,1.97,08-25 20:23:16,08-25 20:25:14
03-cache-addressing,live-r2,ca-42,0.21,08-25 20:25:28,08-25 20:25:41
03-cache-addressing,live-r2,ca-43,0.03,08-25 20:26:25,08-25 20:26:27
03-cache-addressing,live-r2,ca-45,0.28,08-25 20:26:43,08-25 20:27:00
03-cache-addressing,live-r2,ca-46,0.21,08-25 20:27:15,08-25 20:27:28
03-cache-addressing,live-r2,ca-48,0.21,08-25 20:27:43,08-25 20:27:56
03-cache-addressing,live-r2,ca-49,2.1,08-25 20:28:24,08-25 20:30:30
03-cache-addressing,live-r2,ca-50,2.01,08-25 20:30:54,08-25 20:32:54
03-cache-addressing,live-r2,ca-51,0.24,08-25 20:33:12,08-25 20:33:26
03-cache-addressing,live-r2,ca-52,0.25,08-25 20:35:29,08-25 20:35:44
03-cache-addressing,live-r2,ca-55,2.0,08-25 20:36:18,08-25 20:38:18
03-cache-addressing,live-r2,ca-57,0.24,08-25 20:38:36,08-25 20:38:50
03-cache-addressing,live-r2,ca-58,0.25,08-25 20:39:20,08-25 20:39:34
03-cache-addressing,live-r2,ca-59,0.03,08-25 20:40:38,08-25 20:40:40
03-cache-addressing,live-r2,ca-60,0.25,08-25 20:41:08,08-25 20:41:23
03-cache-addressing,live-r3,ca-07,1.39,08-25 21:07:01,08-25 21:08:24
03-cache-addressing,live-r3,ca-11,0.21,08-25 21:08:39,08-25 21:08:52
03-cache-addressing,live-r3,ca-14,0.03,08-25 21:09:39,08-25 21:09:40
03-cache-addressing,live-r3,ca-18,0.89,08-25 21:11:40,08-25 21:12:33
03-cache-addressing,live-r3,ca-42,0.03,08-25 21:14:02,08-25 21:14:03
03-cache-addressing,live-r3,ca-45,0.03,08-25 21:14:51,08-25 21:14:53
03-cache-addressing,live-r3,ca-46,0.03,08-25 21:15:04,08-25 21:15:06
03-cache-addressing,live-r3,ca-48,0.03,08-25 21:15:17,08-25 21:15:18
03-cache-addressing,live-r4,ca-11,0.21,08-25 21:33:06,08-25 21:33:19
03-cache-addressing,live-r4,ca-18,0.03,08-25 21:35:00,08-25 21:35:02
04-intent-classify,live-r1,ic-01,2.01,08-25 21:45:53,08-25 21:47:53
04-intent-classify,live-r1,ic-02,1.88,08-25 21:48:03,08-25 21:49:56
04-intent-classify,live-r1,ic-03,1.13,08-25 21:50:06,08-25 21:51:13
04-intent-classify,live-r1,ic-04,1.63,08-25 21:51:23,08-25 21:53:01
04-intent-classify,live-r1,ic-05,1.2,08-25 21:53:11,08-25 21:54:22
04-intent-classify,live-r1,ic-06,2.56,08-25 21:54:33,08-25 21:57:06
04-intent-classify,live-r1,ic-07,2.37,08-25 21:57:17,08-25 21:59:40
04-intent-classify,live-r1,ic-08,0.78,08-25 21:59:51,08-25 22:00:38
04-intent-classify,live-r1,ic-09,0.65,08-25 22:00:49,08-25 22:01:28
04-intent-classify,live-r1,ic-10,0.54,08-25 22:01:40,08-25 22:02:13
04-intent-classify,live-r1,ic-11,0.53,08-25 22:02:24,08-25 22:02:56
04-intent-classify,live-r1,ic-12,0.52,08-25 22:03:08,08-25 22:03:39
04-intent-classify,live-r1,ic-13,0.8,08-25 22:03:50,08-25 22:04:38
04-intent-classify,live-r1,ic-14,0.81,08-25 22:04:48,08-25 22:05:37
04-intent-classify,live-r1,ic-15,0.8,08-25 22:05:47,08-25 22:06:36
04-intent-classify,live-r1,ic-16,0.56,08-25 22:06:46,08-25 22:07:19
04-intent-classify,live-r1,ic-17,0.65,08-25 22:07:30,08-25 22:08:08
04-intent-classify,live-r1,ic-18,0.65,08-25 22:08:19,08-25 22:08:58
04-intent-classify,live-r1,ic-19,0.81,08-25 22:09:09,08-25 22:09:57
04-intent-classify,live-r1,ic-20,1.21,08-25 22:10:08,08-25 22:11:21
04-intent-classify,live-r1,ic-21,0.79,08-25 22:11:32,08-25 22:12:20
04-intent-classify,live-r1,ic-22,0.62,08-25 22:12:31,08-25 22:13:08
04-intent-classify,live-r1,ic-23,0.6,08-25 22:13:19,08-25 22:13:55
04-intent-classify,live-r1,ic-24,1.36,08-25 22:14:06,08-25 22:15:28
04-intent-classify,live-r1,ic-25,3.2,08-25 22:15:38,08-25 22:18:50
04-intent-classify,live-r1,ic-26,0.88,08-25 22:19:00,08-25 22:19:53
04-intent-classify,live-r1,ic-27,0.64,08-25 22:20:04,08-25 22:20:42
04-intent-classify,live-r1,ic-28,0.66,08-25 22:20:52,08-25 22:21:32
04-intent-classify,live-r1,ic-29,0.83,08-25 22:21:42,08-25 22:22:32
04-intent-classify,live-r1,ic-30,0.57,08-25 22:22:43,08-25 22:23:17
04-intent-classify,live-r1,ic-31,0.82,08-25 22:23:29,08-25 22:24:18
04-intent-classify,live-r1,ic-32,0.84,08-25 22:24:30,08-25 22:25:20
04-intent-classify,live-r1,ic-33,0.92,08-25 22:25:32,08-25 22:26:27
04-intent-classify,live-r1,ic-34,0.98,08-25 22:26:39,08-25 22:27:37
04-intent-classify,live-r1,ic-35,0.87,08-25 22:27:49,08-25 22:28:41
04-intent-classify,live-r1,ic-36,2.64,08-25 22:28:53,08-25 22:31:31
04-intent-classify,live-r2,ic-02,0.58,08-25 22:37:00,08-25 22:37:35
04-intent-classify,live-r2,ic-06,1.26,08-25 22:37:45,08-25 22:39:01
04-intent-classify,live-r2,ic-24,0.94,08-25 22:39:11,08-25 22:40:08
04-intent-classify,live-r2,ic-27,0.96,08-25 22:40:18,08-25 22:41:15
04-intent-classify,live-r2,ic-31,0.82,08-25 22:41:28,08-25 22:42:17
04-intent-classify,live-r2,ic-32,0.86,08-25 22:42:29,08-25 22:43:20
04-intent-classify,live-r2,ic-33,0.98,08-25 22:43:32,08-25 22:44:31
04-intent-classify,live-r2,ic-34,2.68,08-25 22:44:42,08-25 22:47:23
04-intent-classify,live-r2,ic-35,0.85,08-25 22:47:35,08-25 22:48:25
04-intent-classify,live-r2,ic-36,2.61,08-25 22:48:37,08-25 22:51:14
04-intent-classify,live-r3,ic-06,0.89,08-25 22:56:05,08-25 22:56:59
05-gather,live-r1,ga-01,2.08,08-26 00:05:29,08-26 00:07:34
05-gather,live-r1,ga-02,1.53,08-26 00:07:56,08-26 00:09:28
05-gather,live-r1,ga-03,1.95,08-26 00:09:51,08-26 00:11:48
05-gather,live-r1,ga-04,1.85,08-26 00:12:16,08-26 00:14:07
05-gather,live-r1,ga-05,1.51,08-26 00:14:35,08-26 00:16:05
05-gather,live-r1,ga-06,1.52,08-26 00:16:28,08-26 00:17:59
05-gather,live-r1,ga-07,1.78,08-26 00:18:22,08-26 00:20:09
05-gather,live-r1,ga-08,1.5,08-26 00:20:36,08-26 00:22:06
05-gather,live-r1,ga-09,2.83,08-26 00:23:09,08-26 00:25:58
05-gather,live-r1,ga-10,3.15,08-26 00:26:57,08-26 00:30:06
05-gather,live-r1,ga-11,1.95,08-26 00:30:22,08-26 00:32:19
05-gather,live-r1,ga-12,2.69,08-26 00:33:35,08-26 00:36:16
05-gather,live-r1,ga-13,1.45,08-26 00:36:31,08-26 00:37:58
05-gather,live-r1,ga-14,1.21,08-26 00:38:13,08-26 00:39:25
05-gather,live-r1,ga-15,1.76,08-26 00:39:53,08-26 00:41:39
05-gather,live-r1,ga-16,1.49,08-26 00:41:54,08-26 00:43:24
05-gather,live-r1,ga-17,1.5,08-26 00:43:47,08-26 00:45:17
05-gather,live-r1,ga-18,1.97,08-26 00:45:35,08-26 00:47:33
05-gather,live-r1,ga-19,1.78,08-26 00:47:51,08-26 00:49:38
05-gather,live-r1,ga-20,1.58,08-26 00:50:02,08-26 00:51:37
05-gather,live-r1,ga-21,1.52,08-26 00:51:59,08-26 00:53:31
05-gather,live-r1,ga-22,1.58,08-26 00:53:49,08-26 00:55:23
05-gather,live-r1,ga-23,1.32,08-26 00:55:41,08-26 00:57:00
05-gather,live-r1,ga-24,1.48,08-26 00:57:24,08-26 00:58:52
05-gather,live-r1,ga-25,0.53,08-26 01:00:55,08-26 01:01:27
05-gather,live-r1,ga-26,1.38,08-26 01:03:37,08-26 01:05:00
05-gather,live-r1,ga-27,3.8,08-26 01:07:17,08-26 01:11:05
05-gather,live-r1,ga-28,0.53,08-26 01:11:35,08-26 01:12:07
05-gather,live-r1,ga-29,0.53,08-26 01:12:37,08-26 01:13:08
05-gather,live-r1,ga-30,3.64,08-26 01:15:26,08-26 01:19:04
05-gather,live-r1,ga-31,2.69,08-26 01:21:21,08-26 01:24:03
05-gather,live-r1,ga-32,2.61,08-26 01:24:28,08-26 01:27:04
05-gather,live-r1,ga-33,2.6,08-26 01:29:37,08-26 01:32:13
05-gather,live-r1,ga-34,3.26,08-26 01:32:41,08-26 01:35:57
05-gather,live-r1,ga-35,4.49,08-26 01:38:36,08-26 01:43:06
05-gather,live-r1,ga-36,4.42,08-26 01:45:38,08-26 01:50:03
05-gather,live-r1,ga-37,1.83,08-26 01:51:31,08-26 01:53:20
05-gather,live-r1,ga-38,4.42,08-26 01:55:36,08-26 02:00:01
05-gather,live-r1,ga-39,4.41,08-26 02:02:03,08-26 02:06:28
05-gather,live-r1,ga-40,2.67,08-26 02:07:57,08-26 02:10:37
05-gather,live-r1,ga-41,0.98,08-26 02:10:54,08-26 02:11:53
05-gather,live-r1,ga-42,1.06,08-26 02:12:09,08-26 02:13:13
05-gather,live-r1,ga-43,1.13,08-26 02:13:30,08-26 02:14:37
05-gather,live-r1,ga-44,0.95,08-26 02:14:54,08-26 02:15:51
05-gather,live-r1,ga-45,1.18,08-26 02:16:06,08-26 02:17:17
05-gather,live-r1,ga-46,0.92,08-26 02:17:32,08-26 02:18:27
05-gather,live-r1,ga-47,1.18,08-26 02:18:42,08-26 02:19:53
05-gather,live-r1,ga-48,1.13,08-26 02:20:08,08-26 02:21:16
05-gather,live-r2,ga-01,1.58,08-26 02:29:41,08-26 02:31:16
05-gather,live-r2,ga-09,2.6,08-26 02:32:21,08-26 02:34:57
05-gather,live-r2,ga-10,2.83,08-26 02:36:23,08-26 02:39:12
05-gather,live-r2,ga-12,3.38,08-26 02:40:38,08-26 02:44:01
05-gather,live-r2,ga-25,2.52,08-26 02:46:19,08-26 02:48:51
05-gather,live-r2,ga-26,2.63,08-26 02:51:09,08-26 02:53:47
05-gather,live-r2,ga-27,2.67,08-26 02:56:03,08-26 02:58:43
05-gather,live-r2,ga-28,1.78,08-26 03:00:42,08-26 03:02:29
05-gather,live-r2,ga-29,2.57,08-26 03:02:53,08-26 03:05:28
05-gather,live-r2,ga-30,4.3,08-26 03:07:45,08-26 03:12:03
05-gather,live-r2,ga-33,4.4,08-26 03:14:19,08-26 03:18:43
05-gather,live-r2,ga-35,4.01,08-26 03:21:21,08-26 03:25:21
05-gather,live-r2,ga-36,4.38,08-26 03:27:54,08-26 03:32:16
05-gather,live-r2,ga-37,3.23,08-26 03:33:45,08-26 03:36:59
05-gather,live-r2,ga-38,3.38,08-26 03:37:27,08-26 03:40:50
05-gather,live-r2,ga-39,4.12,08-26 03:43:28,08-26 03:47:35
05-gather,live-r2,ga-40,2.16,08-26 03:50:02,08-26 03:52:12
05-gather,live-r3,ga-09,0.6,08-26 04:01:03,08-26 04:01:38
05-gather,live-r3,ga-10,1.87,08-26 04:02:57,08-26 04:04:49
05-gather,live-r3,ga-12,0.61,08-26 04:05:27,08-26 04:06:04
05-gather,live-r3,ga-25,0.58,08-26 04:07:06,08-26 04:07:41
05-gather,live-r3,ga-26,3.9,08-26 04:08:03,08-26 04:11:56
05-gather,live-r3,ga-27,0.57,08-26 04:12:48,08-26 04:13:23
05-gather,live-r3,ga-28,0.58,08-26 04:14:25,08-26 04:14:59
05-gather,live-r3,ga-30,0.57,08-26 04:17:23,08-26 04:17:57
05-gather,live-r3,ga-33,0.88,08-26 04:19:42,08-26 04:20:35
05-gather,live-r3,ga-35,0.63,08-26 04:23:15,08-26 04:23:53
05-gather,live-r3,ga-36,0.64,08-26 04:26:25,08-26 04:27:04
05-gather,live-r3,ga-37,0.64,08-26 04:29:20,08-26 04:29:58
05-gather,live-r3,ga-39,0.64,08-26 04:32:36,08-26 04:33:14
05-gather,live-r3,ga-40,0.63,08-26 04:35:48,08-26 04:36:26
05-gather,live-r4,ga-09,0.6,08-26 04:41:20,08-26 04:41:56
05-gather,live-r4,ga-10,2.58,08-26 04:43:30,08-26 04:46:04
05-gather,live-r4,ga-12,0.95,08-26 04:46:42,08-26 04:47:39
05-gather,live-r4,ga-25,0.57,08-26 04:48:45,08-26 04:49:19
05-gather,live-r4,ga-27,0.57,08-26 04:50:10,08-26 04:50:44
05-gather,live-r4,ga-28,0.87,08-26 04:51:43,08-26 04:52:35
05-gather,live-r4,ga-30,0.57,08-26 04:53:26,08-26 04:54:00
05-gather,live-r5,ga-09,0.89,08-26 05:01:19,08-26 05:02:12
05-gather,live-r5,ga-10,1.27,08-26 05:03:14,08-26 05:04:31
05-gather,live-r5,ga-12,0.65,08-26 05:05:08,08-26 05:05:46
05-gather,live-r5,ga-25,0.74,08-26 05:06:48,08-26 05:07:32
05-gather,live-r5,ga-27,0.75,08-26 05:08:23,08-26 05:09:08
05-gather,live-r5,ga-28,0.75,08-26 05:10:09,08-26 05:10:54
05-gather,live-r5,ga-30,0.73,08-26 05:11:44,08-26 05:12:28
06-plan,live-r1,pl-01,1.64,08-26 05:17:38,08-26 05:19:16
06-plan,live-r1,pl-02,1.67,08-26 05:19:27,08-26 05:21:07
06-plan,live-r1,pl-03,1.38,08-26 05:21:18,08-26 05:22:41
06-plan,live-r1,pl-04,2.33,08-26 05:22:51,08-26 05:25:11
06-plan,live-r1,pl-05,1.08,08-26 05:25:22,08-26 05:26:27
06-plan,live-r1,pl-06,1.27,08-26 05:26:37,08-26 05:27:53
06-plan,live-r1,pl-07,1.79,08-26 05:28:05,08-26 05:29:52
06-plan,live-r1,pl-08,1.06,08-26 05:30:05,08-26 05:31:08
06-plan,live-r1,pl-09,2.02,08-26 05:31:21,08-26 05:33:22
06-plan,live-r1,pl-10,1.26,08-26 05:33:34,08-26 05:34:50
06-plan,live-r1,pl-11,1.62,08-26 05:35:02,08-26 05:36:39
06-plan,live-r1,pl-12,2.36,08-26 05:36:51,08-26 05:39:13
06-plan,live-r1,pl-13,0.61,08-26 05:39:24,08-26 05:40:00
06-plan,live-r1,pl-14,1.23,08-26 05:40:11,08-26 05:41:25
06-plan,live-r1,pl-15,1.54,08-26 05:41:36,08-26 05:43:08
06-plan,live-r1,pl-16,0.61,08-26 05:43:19,08-26 05:43:56
06-plan,live-r1,pl-17,1.95,08-26 05:44:07,08-26 05:46:03
06-plan,live-r1,pl-18,1.84,08-26 05:46:14,08-26 05:48:04
06-plan,live-r1,pl-19,1.78,08-26 05:48:15,08-26 05:50:02
06-plan,live-r1,pl-20,0.22,08-26 05:50:13,08-26 05:50:26
06-plan,live-r1,pl-21,0.6,08-26 05:50:37,08-26 05:51:13
06-plan,live-r1,pl-22,0.82,08-26 05:51:24,08-26 05:52:13
06-plan,live-r1,pl-23,0.73,08-26 05:52:24,08-26 05:53:08
06-plan,live-r1,pl-24,0.59,08-26 05:53:19,08-26 05:53:54
06-plan,live-r1,pl-25,2.11,08-26 05:54:06,08-26 05:56:13
06-plan,live-r1,pl-26,2.45,08-26 05:56:25,08-26 05:58:52
06-plan,live-r1,pl-27,1.56,08-26 05:59:04,08-26 06:00:37
06-plan,live-r1,pl-28,1.27,08-26 06:00:49,08-26 06:02:05
06-plan,live-r1,pl-29,2.44,08-26 06:02:17,08-26 06:04:44
06-plan,live-r1,pl-30,2.44,08-26 06:04:55,08-26 06:07:22
06-plan,live-r1,pl-31,0.9,08-26 06:07:32,08-26 06:08:27
06-plan,live-r1,pl-32,0.46,08-26 06:08:38,08-26 06:09:05
06-plan,live-r1,pl-33,0.7,08-26 06:09:16,08-26 06:09:58
06-plan,live-r1,pl-34,1.04,08-26 06:10:09,08-26 06:11:11
06-plan,live-r1,pl-35,0.72,08-26 06:11:21,08-26 06:12:04
06-plan,live-r1,pl-36,0.62,08-26 06:12:15,08-26 06:12:52
06-plan,live-r2,pl-06,1.26,08-26 08:28:27,08-26 08:29:43
06-plan,live-r2,pl-13,1.13,08-26 08:29:54,08-26 08:31:02
06-plan,live-r2,pl-21,0.64,08-26 08:31:13,08-26 08:31:51
06-plan,live-r2,pl-24,0.9,08-26 08:32:01,08-26 08:32:55
06-plan,live-r2,pl-26,2.43,08-26 08:33:07,08-26 08:35:33
06-plan,live-r2,pl-27,1.7,08-26 08:35:45,08-26 08:37:27
06-plan,live-r2,pl-28,2.44,08-26 08:37:39,08-26 08:40:06
06-plan,live-r2,pl-29,1.33,08-26 08:40:18,08-26 08:41:37
06-plan,live-r2,pl-30,2.45,08-26 08:41:50,08-26 08:44:17
06-plan,live-r2,pl-34,1.19,08-26 08:44:27,08-26 08:45:39
06-plan,live-r3,pl-13,1.13,08-26 08:47:09,08-26 08:48:17
06-plan,live-r3,pl-21,0.6,08-26 08:48:27,08-26 08:49:03
06-plan,live-r3,pl-24,0.6,08-26 08:49:14,08-26 08:49:50
06-plan,live-r3,pl-26,1.85,08-26 08:50:02,08-26 08:51:53
06-plan,live-r3,pl-28,2.43,08-26 08:52:04,08-26 08:54:30
06-plan,live-r3,pl-30,2.45,08-26 08:54:42,08-26 08:57:09
06-plan,live-r3,pl-34,1.2,08-26 08:57:20,08-26 08:58:32
07-solve,live-r1,sv-01,0.03,08-26 09:01:07,08-26 09:01:09
07-solve,live-r1,sv-02,0.71,08-26 09:01:25,08-26 09:02:08
07-solve,live-r1,sv-03,0.22,08-26 09:02:24,08-26 09:02:37
07-solve,live-r1,sv-04,0.81,08-26 09:04:36,08-26 09:05:25
07-solve,live-r1,sv-05,0.22,08-26 09:05:41,08-26 09:05:54
07-solve,live-r1,sv-06,0.64,08-26 09:06:58,08-26 09:07:37
07-solve,live-r1,sv-07,1.06,08-26 09:08:24,08-26 09:09:28
07-solve,live-r1,sv-08,0.86,08-26 09:09:44,08-26 09:10:35
07-solve,live-r1,sv-09,0.22,08-26 09:10:51,08-26 09:11:05
07-solve,live-r1,sv-10,0.03,08-26 09:11:44,08-26 09:11:46
07-solve,live-r1,sv-11,1.44,08-26 09:13:47,08-26 09:15:13
07-solve,live-r1,sv-12,0.23,08-26 09:15:30,08-26 09:15:44
07-solve,live-r1,sv-13,0.22,08-26 09:16:01,08-26 09:16:14
07-solve,live-r1,sv-14,0.22,08-26 09:16:31,08-26 09:16:44
07-solve,live-r1,sv-15,0.22,08-26 09:17:01,08-26 09:17:14
07-solve,live-r1,sv-16,0.23,08-26 09:17:30,08-26 09:17:44
07-solve,live-r1,sv-17,1.22,08-26 09:18:56,08-26 09:20:09
07-solve,live-r1,sv-18,0.98,08-26 09:21:08,08-26 09:22:07
07-solve,live-r1,sv-19,1.99,08-26 09:24:18,08-26 09:26:17
07-solve,live-r1,sv-20,0.03,08-26 09:27:02,08-26 09:27:04
07-solve,live-r1,sv-21,0.03,08-26 09:27:46,08-26 09:27:47
07-solve,live-r1,sv-22,0.03,08-26 09:29:11,08-26 09:29:13
07-solve,live-r1,sv-23,0.03,08-26 09:30:21,08-26 09:30:23
07-solve,live-r1,sv-24,0.03,08-26 09:31:28,08-26 09:31:30
07-solve,live-r1,sv-25,0.22,08-26 09:33:08,08-26 09:33:21
07-solve,live-r1,sv-26,0.03,08-26 09:33:32,08-26 09:33:34
07-solve,live-r1,sv-27,0.22,08-26 09:33:50,08-26 09:34:04
07-solve,live-r1,sv-28,0.22,08-26 09:35:23,08-26 09:35:37
07-solve,live-r1,sv-29,1.05,08-26 09:36:24,08-26 09:37:27
07-solve,live-r1,sv-30,0.03,08-26 09:37:38,08-26 09:37:40
07-solve,live-r1,sv-31,0.03,08-26 09:37:51,08-26 09:37:53
07-solve,live-r1,sv-32,0.88,08-26 09:38:09,08-26 09:39:02
07-solve,live-r1,sv-33,1.99,08-26 09:39:20,08-26 09:41:19
07-solve,live-r1,sv-34,0.24,08-26 09:41:38,08-26 09:41:52
07-solve,live-r1,sv-35,2.01,08-26 09:43:56,08-26 09:45:56
07-solve,live-r1,sv-36,1.29,08-26 09:48:00,08-26 09:49:17
07-solve,live-r1,sv-37,0.24,08-26 09:49:35,08-26 09:49:50
07-solve,live-r1,sv-38,0.25,08-26 09:51:52,08-26 09:52:07
07-solve,live-r1,sv-39,0.25,08-26 09:52:25,08-26 09:52:40
07-solve,live-r1,sv-40,0.24,08-26 09:54:43,08-26 09:54:58
07-solve,live-r1,sv-41,0.74,08-26 09:55:41,08-26 09:56:26
07-solve,live-r1,sv-42,0.23,08-26 09:56:42,08-26 09:56:56
07-solve,live-r1,sv-43,0.03,08-26 09:57:30,08-26 09:57:32
07-solve,live-r1,sv-44,0.03,08-26 09:58:02,08-26 09:58:04
07-solve,live-r1,sv-45,0.03,08-26 09:58:48,08-26 09:58:50
07-solve,live-r1,sv-46,0.03,08-26 09:59:22,08-26 09:59:24
07-solve,live-r1,sv-47,0.03,08-26 10:00:11,08-26 10:00:13
07-solve,live-r1,sv-48,0.03,08-26 10:00:42,08-26 10:00:43
07-solve,live-r2,sv-03,1.03,08-26 10:06:15,08-26 10:07:16
07-solve,live-r2,sv-05,0.63,08-26 10:07:32,08-26 10:08:10
07-solve,live-r2,sv-07,1.26,08-26 10:08:26,08-26 10:09:41
07-solve,live-r2,sv-09,0.24,08-26 10:09:58,08-26 10:10:12
07-solve,live-r2,sv-12,0.22,08-26 10:10:29,08-26 10:10:42
07-solve,live-r2,sv-13,0.25,08-26 10:10:59,08-26 10:11:14
07-solve,live-r2,sv-14,0.22,08-26 10:11:31,08-26 10:11:44
07-solve,live-r2,sv-15,0.22,08-26 10:12:00,08-26 10:12:14
07-solve,live-r2,sv-16,0.24,08-26 10:12:30,08-26 10:12:45
07-solve,live-r2,sv-17,0.03,08-26 10:14:29,08-26 10:14:31
07-solve,live-r2,sv-25,0.22,08-26 10:16:33,08-26 10:16:46
07-solve,live-r2,sv-27,0.23,08-26 10:17:02,08-26 10:17:16
07-solve,live-r2,sv-28,0.23,08-26 10:17:32,08-26 10:17:46
07-solve,live-r2,sv-33,1.39,08-26 10:18:04,08-26 10:19:28
07-solve,live-r2,sv-34,0.24,08-26 10:19:46,08-26 10:20:01
07-solve,live-r2,sv-35,0.26,08-26 10:22:03,08-26 10:22:19
07-solve,live-r2,sv-36,0.25,08-26 10:24:23,08-26 10:24:38
07-solve,live-r2,sv-37,0.25,08-26 10:24:56,08-26 10:25:11
07-solve,live-r2,sv-38,0.03,08-26 10:26:25,08-26 10:26:27
07-solve,live-r2,sv-39,0.25,08-26 10:28:30,08-26 10:28:45
07-solve,live-r2,sv-40,0.25,08-26 10:30:48,08-26 10:31:03
07-solve,live-r2,sv-42,0.21,08-26 10:31:19,08-26 10:31:32
07-solve,live-r3,sv-09,0.03,08-26 10:34:07,08-26 10:34:09
07-solve,live-r3,sv-12,0.23,08-26 10:34:26,08-26 10:34:40
07-solve,live-r3,sv-14,0.03,08-26 10:35:19,08-26 10:35:21
07-solve,live-r3,sv-15,0.22,08-26 10:35:38,08-26 10:35:51
07-solve,live-r3,sv-16,0.22,08-26 10:36:08,08-26 10:36:21
07-solve,live-r3,sv-25,1.95,08-26 10:37:46,08-26 10:39:43
07-solve,live-r3,sv-27,0.22,08-26 10:39:59,08-26 10:40:12
07-solve,live-r3,sv-28,0.22,08-26 10:40:29,08-26 10:40:42
07-solve,live-r3,sv-34,0.24,08-26 10:41:00,08-26 10:41:15
07-solve,live-r3,sv-35,1.99,08-26 10:43:18,08-26 10:45:17
07-solve,live-r3,sv-36,0.25,08-26 10:47:22,08-26 10:47:37
07-solve,live-r3,sv-37,0.25,08-26 10:49:37,08-26 10:49:51
07-solve,live-r3,sv-39,0.25,08-26 10:51:36,08-26 10:51:51
07-solve,live-r3,sv-40,0.24,08-26 10:52:09,08-26 10:52:24
07-solve,live-r3,sv-42,0.76,08-26 10:53:14,08-26 10:53:59
08-replan,live-r1,rp-01,0.25,08-26 10:57:41,08-26 10:57:55
08-replan,live-r1,rp-02,0.94,08-26 10:58:20,08-26 10:59:16
08-replan,live-r1,rp-03,1.46,08-26 10:59:40,08-26 11:01:08
08-replan,live-r1,rp-04,1.05,08-26 11:01:31,08-26 11:02:35
08-replan,live-r1,rp-05,0.92,08-26 11:02:58,08-26 11:03:54
08-replan,live-r1,rp-06,1.01,08-26 11:04:18,08-26 11:05:19
08-replan,live-r1,rp-07,1.31,08-26 11:05:45,08-26 11:07:04
08-replan,live-r1,rp-08,0.47,08-26 11:08:01,08-26 11:08:29
08-replan,live-r1,rp-09,0.03,08-26 11:10:13,08-26 11:10:15
08-replan,live-r1,rp-10,0.03,08-26 11:11:07,08-26 11:11:09
08-replan,live-r1,rp-11,0.03,08-26 11:12:33,08-26 11:12:35
08-replan,live-r1,rp-12,0.03,08-26 11:13:23,08-26 11:13:25
08-replan,live-r1,rp-13,0.39,08-26 11:13:50,08-26 11:14:14
08-replan,live-r1,rp-14,0.03,08-26 11:14:59,08-26 11:15:01
08-replan,live-r1,rp-15,0.03,08-26 11:15:49,08-26 11:15:51
08-replan,live-r1,rp-16,0.4,08-26 11:16:17,08-26 11:16:41
08-replan,live-r1,rp-17,1.72,08-26 11:17:06,08-26 11:18:49
08-replan,live-r1,rp-18,1.08,08-26 11:21:00,08-26 11:22:05
08-replan,live-r1,rp-19,2.14,08-26 11:22:30,08-26 11:24:38
08-replan,live-r1,rp-20,2.15,08-26 11:25:03,08-26 11:27:12
08-replan,live-r1,rp-21,2.16,08-26 11:27:37,08-26 11:29:47
08-replan,live-r1,rp-22,0.33,08-26 11:29:58,08-26 11:30:18
08-replan,live-r1,rp-23,1.65,08-26 11:30:42,08-26 11:32:21
08-replan,live-r1,rp-24,0.33,08-26 11:32:33,08-26 11:32:52
08-replan,live-r1,rp-25,2.18,08-26 11:33:19,08-26 11:35:30
08-replan,live-r1,rp-26,2.19,08-26 11:35:57,08-26 11:38:08
08-replan,live-r1,rp-27,0.45,08-26 11:38:35,08-26 11:39:02
08-replan,live-r1,rp-28,0.47,08-26 11:41:14,08-26 11:41:43
08-replan,live-r1,rp-29,0.48,08-26 11:43:54,08-26 11:44:22
08-replan,live-r1,rp-30,0.47,08-26 11:46:39,08-26 11:47:07
08-replan,live-r1,rp-31,0.03,08-26 11:47:49,08-26 11:47:51
08-replan,live-r1,rp-32,0.03,08-26 11:48:29,08-26 11:48:31
08-replan,live-r1,rp-33,0.03,08-26 11:49:08,08-26 11:49:10
08-replan,live-r1,rp-34,0.03,08-26 11:49:44,08-26 11:49:45
08-replan,live-r1,rp-35,0.03,08-26 11:50:30,08-26 11:50:32
08-replan,live-r1,rp-36,0.03,08-26 11:51:15,08-26 11:51:17
08-replan,live-r2,rp-03,0.03,08-26 11:56:34,08-26 11:56:36
08-replan,live-r2,rp-08,1.04,08-26 11:57:03,08-26 11:58:06
08-replan,live-r2,rp-13,0.03,08-26 11:59:09,08-26 11:59:11
08-replan,live-r2,rp-16,0.86,08-26 11:59:37,08-26 12:00:28
08-replan,live-r2,rp-17,0.85,08-26 12:00:54,08-26 12:01:45
08-replan,live-r2,rp-18,0.8,08-26 12:02:10,08-26 12:02:58
08-replan,live-r2,rp-21,2.25,08-26 12:03:23,08-26 12:05:38
08-replan,live-r2,rp-25,0.47,08-26 12:07:50,08-26 12:08:18
08-replan,live-r2,rp-26,0.47,08-26 12:10:30,08-26 12:10:58
08-replan,live-r2,rp-27,0.47,08-26 12:13:10,08-26 12:13:38
08-replan,live-r2,rp-28,0.47,08-26 12:15:51,08-26 12:16:19
08-replan,live-r2,rp-29,0.47,08-26 12:18:32,08-26 12:19:00
08-replan,live-r2,rp-30,0.47,08-26 12:21:11,08-26 12:21:39
08-replan,live-r3,rp-08,0.03,08-26 12:24:12,08-26 12:24:14
08-replan,live-r3,rp-21,1.89,08-26 12:25:13,08-26 12:27:06
09-sample-diverse,live-r1,sd-01,1.56,08-26 12:30:07,08-26 12:31:41
09-sample-diverse,live-r1,sd-02,0.03,08-26 12:32:34,08-26 12:32:36
09-sample-diverse,live-r1,sd-03,2.47,08-26 12:32:54,08-26 12:35:22
09-sample-diverse,live-r1,sd-04,1.53,08-26 12:35:39,08-26 12:37:11
09-sample-diverse,live-r1,sd-05,2.36,08-26 12:37:28,08-26 12:39:50
09-sample-diverse,live-r1,sd-06,2.36,08-26 12:40:07,08-26 12:42:29
09-sample-diverse,live-r1,sd-07,0.03,08-26 12:43:20,08-26 12:43:22
09-sample-diverse,live-r1,sd-08,0.03,08-26 12:44:21,08-26 12:44:23
09-sample-diverse,live-r1,sd-09,0.71,08-26 12:44:56,08-26 12:45:39
09-sample-diverse,live-r1,sd-10,0.03,08-26 12:46:53,08-26 12:46:55
09-sample-diverse,live-r1,sd-11,0.03,08-26 12:47:31,08-26 12:47:33
09-sample-diverse,live-r1,sd-12,0.03,08-26 12:48:15,08-26 12:48:16
09-sample-diverse,live-r1,sd-13,1.51,08-26 12:48:35,08-26 12:50:06
09-sample-diverse,live-r1,sd-14,1.64,08-26 12:50:24,08-26 12:52:02
09-sample-diverse,live-r1,sd-15,0.03,08-26 12:52:34,08-26 12:52:36
09-sample-diverse,live-r1,sd-16,0.61,08-26 12:52:55,08-26 12:53:32
09-sample-diverse,live-r1,sd-17,0.03,08-26 12:54:33,08-26 12:54:35
09-sample-diverse,live-r1,sd-18,0.63,08-26 12:54:53,08-26 12:55:31
09-sample-diverse,live-r1,sd-19,1.49,08-26 12:56:38,08-26 12:58:07
09-sample-diverse,live-r1,sd-20,0.03,08-26 12:58:19,08-26 12:58:20
09-sample-diverse,live-r1,sd-21,1.35,08-26 12:58:39,08-26 13:00:01
09-sample-diverse,live-r1,sd-22,0.03,08-26 13:00:52,08-26 13:00:54
09-sample-diverse,live-r1,sd-23,1.51,08-26 13:01:12,08-26 13:02:42
09-sample-diverse,live-r1,sd-24,0.43,08-26 13:02:54,08-26 13:03:20
09-sample-diverse,live-r1,sd-25,2.46,08-26 13:03:39,08-26 13:06:07
09-sample-diverse,live-r1,sd-26,0.72,08-26 13:06:27,08-26 13:07:10
09-sample-diverse,live-r1,sd-27,0.36,08-26 13:08:55,08-26 13:09:17
09-sample-diverse,live-r1,sd-28,0.72,08-26 13:11:22,08-26 13:12:05
09-sample-diverse,live-r1,sd-29,0.72,08-26 13:14:09,08-26 13:14:52
09-sample-diverse,live-r1,sd-30,0.72,08-26 13:16:58,08-26 13:17:41
09-sample-diverse,live-r1,sd-31,0.03,08-26 13:18:17,08-26 13:18:19
09-sample-diverse,live-r1,sd-32,0.03,08-26 13:19:05,08-26 13:19:07
09-sample-diverse,live-r1,sd-33,0.03,08-26 13:19:39,08-26 13:19:41
09-sample-diverse,live-r1,sd-34,0.62,08-26 13:20:35,08-26 13:21:12
09-sample-diverse,live-r1,sd-35,0.03,08-26 13:21:46,08-26 13:21:48
09-sample-diverse,live-r1,sd-36,0.03,08-26 13:22:32,08-26 13:22:34
09-sample-diverse,live-r2,sd-01,0.03,08-26 13:28:00,08-26 13:28:01
09-sample-diverse,live-r2,sd-03,1.42,08-26 13:28:20,08-26 13:29:45
09-sample-diverse,live-r2,sd-09,0.03,08-26 13:30:26,08-26 13:30:28
09-sample-diverse,live-r2,sd-14,0.03,08-26 13:31:29,08-26 13:31:31
09-sample-diverse,live-r2,sd-16,0.61,08-26 13:31:50,08-26 13:32:27
09-sample-diverse,live-r2,sd-18,1.02,08-26 13:32:45,08-26 13:33:46
09-sample-diverse,live-r2,sd-21,0.26,08-26 13:35:29,08-26 13:35:44
09-sample-diverse,live-r2,sd-25,0.71,08-26 13:36:05,08-26 13:36:47
09-sample-diverse,live-r2,sd-26,2.45,08-26 13:38:52,08-26 13:41:19
09-sample-diverse,live-r2,sd-28,0.71,08-26 13:43:24,08-26 13:44:07
09-sample-diverse,live-r2,sd-29,0.25,08-26 13:45:50,08-26 13:46:05
09-sample-diverse,live-r2,sd-30,2.58,08-26 13:48:10,08-26 13:50:45
09-sample-diverse,live-r2,sd-34,0.03,08-26 13:50:56,08-26 13:50:58
09-sample-diverse,live-r3,sd-03,0.24,08-26 13:56:34,08-26 13:56:48
09-sample-diverse,live-r3,sd-16,0.62,08-26 13:57:07,08-26 13:57:44
09-sample-diverse,live-r3,sd-18,0.03,08-26 13:58:41,08-26 13:58:43
10-execute-observe,live-r1,eo-01,0.63,08-26 14:04:59,08-26 14:05:37
10-execute-observe,live-r1,eo-02,1.25,08-26 14:06:00,08-26 14:07:15
10-execute-observe,live-r1,eo-03,0.74,08-26 14:08:09,08-26 14:08:54
10-execute-observe,live-r1,eo-04,1.12,08-26 14:09:53,08-26 14:11:00
10-execute-observe,live-r1,eo-05,1.61,08-26 14:11:13,08-26 14:12:49
10-execute-observe,live-r1,eo-06,1.16,08-26 14:13:49,08-26 14:14:58
10-execute-observe,live-r1,eo-07,2.55,08-26 14:15:21,08-26 14:17:55
10-execute-observe,live-r1,eo-08,1.41,08-26 14:19:09,08-26 14:20:33
10-execute-observe,live-r1,eo-09,2.44,08-26 14:22:16,08-26 14:24:42
10-execute-observe,live-r1,eo-10,1.25,08-26 14:25:50,08-26 14:27:05
10-execute-observe,live-r1,eo-11,1.41,08-26 14:27:28,08-26 14:28:53
10-execute-observe,live-r1,eo-12,1.69,08-26 14:29:17,08-26 14:30:58
10-execute-observe,live-r1,eo-13,1.21,08-26 14:32:02,08-26 14:33:14
10-execute-observe,live-r1,eo-14,1.33,08-26 14:34:31,08-26 14:35:51
10-execute-observe,live-r1,eo-15,2.0,08-26 14:36:05,08-26 14:38:06
10-execute-observe,live-r1,eo-16,0.93,08-26 14:38:20,08-26 14:39:16
10-execute-observe,live-r1,eo-17,1.0,08-26 14:40:17,08-26 14:41:17
10-execute-observe,live-r1,eo-18,1.52,08-26 14:41:31,08-26 14:43:02
10-execute-observe,live-r1,eo-19,0.68,08-26 14:43:37,08-26 14:44:18
10-execute-observe,live-r1,eo-20,0.73,08-26 14:44:42,08-26 14:45:26
10-execute-observe,live-r1,eo-21,0.69,08-26 14:46:01,08-26 14:46:42
10-execute-observe,live-r1,eo-22,0.3,08-26 14:47:00,08-26 14:47:18
10-execute-observe,live-r1,eo-23,0.7,08-26 14:47:47,08-26 14:48:29
10-execute-observe,live-r1,eo-24,0.93,08-26 14:49:03,08-26 14:49:59
10-execute-observe,live-r1,eo-25,4.22,08-26 14:50:33,08-26 14:54:46
10-execute-observe,live-r1,eo-26,3.0,08-26 14:55:19,08-26 14:58:19
10-execute-observe,live-r1,eo-27,2.51,08-26 14:58:53,08-26 15:01:24
10-execute-observe,live-r1,eo-28,2.87,08-26 15:01:57,08-26 15:04:49
10-execute-observe,live-r1,eo-29,2.94,08-26 15:05:23,08-26 15:08:19
10-execute-observe,live-r1,eo-30,2.52,08-26 15:08:53,08-26 15:11:24
10-execute-observe,live-r1,eo-31,0.69,08-26 15:11:47,08-26 15:12:28
10-execute-observe,live-r1,eo-32,0.72,08-26 15:13:03,08-26 15:13:46
10-execute-observe,live-r1,eo-33,0.95,08-26 15:14:09,08-26 15:15:06
10-execute-observe,live-r1,eo-34,0.79,08-26 15:15:28,08-26 15:16:16
10-execute-observe,live-r1,eo-35,0.77,08-26 15:16:39,08-26 15:17:25
10-execute-observe,live-r1,eo-36,0.77,08-26 15:17:48,08-26 15:18:34
10-execute-observe,live-r2,eo-01,2.03,08-26 15:21:28,08-26 15:23:30
10-execute-observe,live-r2,eo-03,2.55,08-26 15:24:04,08-26 15:26:37
10-execute-observe,live-r2,eo-04,0.66,08-26 15:27:04,08-26 15:27:44
10-execute-observe,live-r2,eo-06,1.3,08-26 15:28:53,08-26 15:30:11
10-execute-observe,live-r2,eo-08,0.69,08-26 15:32:17,08-26 15:32:58
10-execute-observe,live-r2,eo-09,2.23,08-26 15:33:21,08-26 15:35:35
10-execute-observe,live-r2,eo-10,2.53,08-26 15:36:50,08-26 15:39:22
10-execute-observe,live-r2,eo-13,1.17,08-26 15:40:33,08-26 15:41:43
10-execute-observe,live-r2,eo-14,1.34,08-26 15:42:52,08-26 15:44:12
10-execute-observe,live-r2,eo-17,1.12,08-26 15:44:58,08-26 15:46:05
10-execute-observe,live-r2,eo-19,0.74,08-26 15:47:25,08-26 15:48:09
10-execute-observe,live-r2,eo-21,0.7,08-26 15:48:41,08-26 15:49:23
10-execute-observe,live-r2,eo-23,0.59,08-26 15:49:55,08-26 15:50:30
10-execute-observe,live-r2,eo-26,2.39,08-26 15:52:36,08-26 15:54:59
10-execute-observe,live-r2,eo-27,2.2,08-26 15:55:20,08-26 15:57:32
10-execute-observe,live-r2,eo-28,1.07,08-26 15:57:53,08-26 15:58:57
10-execute-observe,live-r2,eo-29,4.67,08-26 15:59:35,08-26 16:04:15
10-execute-observe,live-r2,eo-30,0.78,08-26 16:04:48,08-26 16:05:35
10-execute-observe,live-r2,eo-32,0.96,08-26 16:05:53,08-26 16:06:51
10-execute-observe,live-r3,eo-03,1.39,08-26 16:11:28,08-26 16:12:52
10-execute-observe,live-r3,eo-04,1.11,08-26 16:13:50,08-26 16:14:56
10-execute-observe,live-r3,eo-06,1.61,08-26 16:15:19,08-26 16:16:56
10-execute-observe,live-r3,eo-08,1.88,08-26 16:17:20,08-26 16:19:13
10-execute-observe,live-r3,eo-10,1.69,08-26 16:19:36,08-26 16:21:18
10-execute-observe,live-r3,eo-13,2.49,08-26 16:23:05,08-26 16:25:35
10-execute-observe,live-r3,eo-14,1.11,08-26 16:26:36,08-26 16:27:42
10-execute-observe,live-r3,eo-17,1.34,08-26 16:28:27,08-26 16:29:47
10-execute-observe,live-r3,eo-19,0.75,08-26 16:30:56,08-26 16:31:41
10-execute-observe,live-r3,eo-21,0.68,08-26 16:32:14,08-26 16:32:55
10-execute-observe,live-r3,eo-23,0.65,08-26 16:33:23,08-26 16:34:03
10-execute-observe,live-r3,eo-26,0.85,08-26 16:36:08,08-26 16:36:58
10-execute-observe,live-r3,eo-30,2.15,08-26 16:37:32,08-26 16:39:41
10-execute-observe,live-r4,eo-03,1.88,08-26 16:41:57,08-26 16:43:50
10-execute-observe,live-r4,eo-04,1.31,08-26 16:44:13,08-26 16:45:31
10-execute-observe,live-r4,eo-13,1.13,08-26 16:46:33,08-26 16:47:41
10-execute-observe,live-r4,eo-14,1.1,08-26 16:49:08,08-26 16:50:14
10-execute-observe,live-r4,eo-17,1.45,08-26 16:50:28,08-26 16:51:55
10-execute-observe,live-r4,eo-19,0.78,08-26 16:53:15,08-26 16:54:02
10-execute-observe,live-r4,eo-21,0.75,08-26 16:55:01,08-26 16:55:46
10-execute-observe,live-r4,eo-23,0.64,08-26 16:56:14,08-26 16:56:53
10-execute-observe,live-r4,eo-26,0.84,08-26 16:58:58,08-26 16:59:49
10-execute-observe,live-r4,eo-30,1.49,08-26 17:00:15,08-26 17:01:45
11-verify-blind,live-r1,vb-01,0.03,08-26 17:05:53,08-26 17:05:55
11-verify-blind,live-r1,vb-02,0.75,08-26 17:06:12,08-26 17:06:57
11-verify-blind,live-r1,vb-03,1.15,08-26 17:07:14,08-26 17:08:23
11-verify-blind,live-r1,vb-04,0.77,08-26 17:08:40,08-26 17:09:27
11-verify-blind,live-r1,vb-05,1.16,08-26 17:09:44,08-26 17:10:54
11-verify-blind,live-r1,vb-06,1.06,08-26 17:11:11,08-26 17:12:15
11-verify-blind,live-r1,vb-07,1.49,08-26 17:12:35,08-26 17:14:04
11-verify-blind,live-r1,vb-08,0.36,08-26 17:14:51,08-26 17:15:13
11-verify-blind,live-r1,vb-09,0.03,08-26 17:16:09,08-26 17:16:11
11-verify-blind,live-r1,vb-10,0.03,08-26 17:17:56,08-26 17:17:58
11-verify-blind,live-r1,vb-11,0.03,08-26 17:18:40,08-26 17:18:42
11-verify-blind,live-r1,vb-12,0.03,08-26 17:19:18,08-26 17:19:20
11-verify-blind,live-r1,vb-13,2.06,08-26 17:19:39,08-26 17:21:42
11-verify-blind,live-r1,vb-14,0.31,08-26 17:22:01,08-26 17:22:19
11-verify-blind,live-r1,vb-15,1.32,08-26 17:22:37,08-26 17:23:56
11-verify-blind,live-r1,vb-16,0.34,08-26 17:24:14,08-26 17:24:35
11-verify-blind,live-r1,vb-17,0.98,08-26 17:24:53,08-26 17:25:52
11-verify-blind,live-r1,vb-18,1.29,08-26 17:26:11,08-26 17:27:28
11-verify-blind,live-r1,vb-19,2.05,08-26 17:27:46,08-26 17:29:50
11-verify-blind,live-r1,vb-20,0.03,08-26 17:30:01,08-26 17:30:03
11-verify-blind,live-r1,vb-21,1.26,08-26 17:30:21,08-26 17:31:36
11-verify-blind,live-r1,vb-22,0.32,08-26 17:31:53,08-26 17:32:12
11-verify-blind,live-r1,vb-23,0.03,08-26 17:32:24,08-26 17:32:26
11-verify-blind,live-r1,vb-24,0.03,08-26 17:32:38,08-26 17:32:40
11-verify-blind,live-r1,vb-25,0.35,08-26 17:33:00,08-26 17:33:21
11-verify-blind,live-r1,vb-26,0.36,08-26 17:35:26,08-26 17:35:48
11-verify-blind,live-r1,vb-27,0.36,08-26 17:37:53,08-26 17:38:15
11-verify-blind,live-r1,vb-28,0.36,08-26 17:40:20,08-26 17:40:41
11-verify-blind,live-r1,vb-29,0.36,08-26 17:42:23,08-26 17:42:45
11-verify-blind,live-r1,vb-30,0.36,08-26 17:44:50,08-26 17:45:12
11-verify-blind,live-r1,vb-31,0.03,08-26 17:45:54,08-26 17:45:56
11-verify-blind,live-r1,vb-32,0.03,08-26 17:46:21,08-26 17:46:23
11-verify-blind,live-r1,vb-33,0.03,08-26 17:47:05,08-26 17:47:07
11-verify-blind,live-r1,vb-34,0.32,08-26 17:47:41,08-26 17:48:00
11-verify-blind,live-r1,vb-35,0.03,08-26 17:48:28,08-26 17:48:30
11-verify-blind,live-r1,vb-36,0.03,08-26 17:49:23,08-26 17:49:25
11-verify-blind,live-r2,vb-08,1.05,08-26 17:52:35,08-26 17:53:38
11-verify-blind,live-r2,vb-14,0.03,08-26 17:54:22,08-26 17:54:24
11-verify-blind,live-r2,vb-15,0.79,08-26 17:54:42,08-26 17:55:29
11-verify-blind,live-r2,vb-16,1.02,08-26 17:55:47,08-26 17:56:49
11-verify-blind,live-r2,vb-18,0.83,08-26 17:57:07,08-26 17:57:57
11-verify-blind,live-r2,vb-19,1.44,08-26 17:58:16,08-26 17:59:42
11-verify-blind,live-r2,vb-22,1.32,08-26 17:59:59,08-26 18:01:19
11-verify-blind,live-r2,vb-25,0.45,08-26 18:01:39,08-26 18:02:05
11-verify-blind,live-r2,vb-26,0.34,08-26 18:04:09,08-26 18:04:30
11-verify-blind,live-r2,vb-27,0.36,08-26 18:06:00,08-26 18:06:21
11-verify-blind,live-r2,vb-28,2.22,08-26 18:08:26,08-26 18:10:39
11-verify-blind,live-r2,vb-29,0.36,08-26 18:10:59,08-26 18:11:21
11-verify-blind,live-r2,vb-30,0.34,08-26 18:13:26,08-26 18:13:47
11-verify-blind,live-r2,vb-34,0.03,08-26 18:14:21,08-26 18:14:23
11-verify-blind,live-r3,vb-22,0.03,08-26 19:11:29,08-26 19:11:31
11-verify-blind,live-r3,vb-25,2.21,08-26 19:11:51,08-26 19:14:03
11-verify-blind,live-r3,vb-26,0.36,08-26 19:15:31,08-26 19:15:53
11-verify-blind,live-r3,vb-27,0.36,08-26 19:16:58,08-26 19:17:20
11-verify-blind,live-r3,vb-28,0.36,08-26 19:19:23,08-26 19:19:45
11-verify-blind,live-r3,vb-29,0.25,08-26 19:21:29,08-26 19:21:44
12-shape-library,live-r1,sl-01,1.12,08-26 19:24:55,08-26 19:26:02
12-shape-library,live-r1,sl-02,2.42,08-26 19:26:13,08-26 19:28:38
12-shape-library,live-r1,sl-03,1.98,08-26 19:28:49,08-26 19:30:48
12-shape-library,live-r1,sl-04,0.66,08-26 19:30:59,08-26 19:31:39
12-shape-library,live-r1,sl-05,0.77,08-26 19:31:50,08-26 19:32:36
12-shape-library,live-r1,sl-06,1.71,08-26 19:32:48,08-26 19:34:30
12-shape-library,live-r1,sl-07,1.38,08-26 19:34:42,08-26 19:36:05
12-shape-library,live-r1,sl-08,2.45,08-26 19:36:18,08-26 19:38:45
12-shape-library,live-r1,sl-09,3.41,08-26 19:38:56,08-26 19:42:21
12-shape-library,live-r1,sl-10,1.42,08-26 19:42:33,08-26 19:43:58
12-shape-library,live-r1,sl-11,0.92,08-26 19:44:11,08-26 19:45:06
12-shape-library,live-r1,sl-12,1.76,08-26 19:45:19,08-26 19:47:05
12-shape-library,live-r1,sl-13,2.41,08-26 19:47:16,08-26 19:49:41
12-shape-library,live-r1,sl-14,2.37,08-26 19:49:52,08-26 19:52:14
12-shape-library,live-r1,sl-15,2.41,08-26 19:52:25,08-26 19:54:50
12-shape-library,live-r1,sl-16,1.16,08-26 19:55:01,08-26 19:56:10
12-shape-library,live-r1,sl-17,0.68,08-26 19:56:21,08-26 19:57:02
12-shape-library,live-r1,sl-18,0.88,08-26 19:57:13,08-26 19:58:06
12-shape-library,live-r1,sl-19,1.96,08-26 19:58:18,08-26 20:00:15
12-shape-library,live-r1,sl-20,0.81,08-26 20:00:27,08-26 20:01:15
12-shape-library,live-r1,sl-21,3.3,08-26 20:01:27,08-26 20:04:45
12-shape-library,live-r1,sl-22,0.8,08-26 20:04:56,08-26 20:05:44
12-shape-library,live-r1,sl-23,1.58,08-26 20:05:56,08-26 20:07:30
12-shape-library,live-r1,sl-24,0.33,08-26 20:07:41,08-26 20:08:01
12-shape-library,live-r1,sl-25,2.47,08-26 20:08:14,08-26 20:10:42
12-shape-library,live-r1,sl-26,2.46,08-26 20:10:54,08-26 20:13:21
12-shape-library,live-r1,sl-27,1.14,08-26 20:13:33,08-26 20:14:42
12-shape-library,live-r1,sl-28,1.98,08-26 20:14:54,08-26 20:16:53
12-shape-library,live-r1,sl-29,0.84,08-26 20:17:06,08-26 20:17:57
12-shape-library,live-r1,sl-30,2.48,08-26 20:18:09,08-26 20:20:38
12-shape-library,live-r1,sl-31,0.9,08-26 20:20:48,08-26 20:21:42
12-shape-library,live-r1,sl-32,0.62,08-26 20:21:53,08-26 20:22:31
12-shape-library,live-r1,sl-33,0.47,08-26 20:22:42,08-26 20:23:10
12-shape-library,live-r1,sl-34,0.82,08-26 20:23:20,08-26 20:24:09
12-shape-library,live-r1,sl-35,0.55,08-26 20:24:20,08-26 20:24:53
12-shape-library,live-r1,sl-36,0.79,08-26 20:25:03,08-26 20:25:51
12-shape-library,live-r2,sl-02,1.27,08-26 20:27:03,08-26 20:28:19
12-shape-library,live-r2,sl-08,1.75,08-26 20:28:30,08-26 20:30:15
12-shape-library,live-r2,sl-13,1.43,08-26 20:30:27,08-26 20:31:52
12-shape-library,live-r2,sl-15,1.12,08-26 20:32:03,08-26 20:33:10
12-shape-library,live-r2,sl-17,2.13,08-26 20:33:21,08-26 20:35:29
12-shape-library,live-r2,sl-21,1.03,08-26 20:35:40,08-26 20:36:41
12-shape-library,live-r2,sl-25,2.5,08-26 20:36:54,08-26 20:39:24
12-shape-library,live-r2,sl-26,2.48,08-26 20:39:36,08-26 20:42:05
12-shape-library,live-r2,sl-30,0.89,08-26 20:42:17,08-26 20:43:10
12-shape-library,live-r3,sl-02,1.36,08-26 20:44:44,08-26 20:46:05
12-shape-library,live-r3,sl-15,0.75,08-26 20:46:16,08-26 20:47:01
13-synthesis,live-r1,sy-01,1.45,08-26 20:50:48,08-26 20:52:15
13-synthesis,live-r1,sy-02,3.25,08-26 20:52:29,08-26 20:55:44
13-synthesis,live-r1,sy-03,1.64,08-26 20:55:59,08-26 20:57:37
13-synthesis,live-r1,sy-04,1.6,08-26 20:57:52,08-26 20:59:28
13-synthesis,live-r1,sy-05,1.61,08-26 20:59:43,08-26 21:01:19
13-synthesis,live-r1,sy-06,1.29,08-26 21:01:33,08-26 21:02:51
13-synthesis,live-r1,sy-07,1.61,08-26 21:03:07,08-26 21:04:44
13-synthesis,live-r1,sy-08,3.01,08-26 21:04:58,08-26 21:07:59
13-synthesis,live-r1,sy-09,1.48,08-26 21:08:13,08-26 21:09:42
13-synthesis,live-r1,sy-10,1.78,08-26 21:09:57,08-26 21:11:44
13-synthesis,live-r1,sy-11,1.82,08-26 21:12:00,08-26 21:13:49
13-synthesis,live-r1,sy-12,1.31,08-26 21:14:06,08-26 21:15:24
13-synthesis,live-r1,sy-13,1.74,08-26 21:15:42,08-26 21:17:26
13-synthesis,live-r1,sy-14,1.79,08-26 21:17:43,08-26 21:19:30
13-synthesis,live-r1,sy-15,1.55,08-26 21:19:47,08-26 21:21:19
13-synthesis,live-r1,sy-16,1.76,08-26 21:21:37,08-26 21:23:22
13-synthesis,live-r1,sy-17,2.52,08-26 21:23:39,08-26 21:26:10
13-synthesis,live-r1,sy-18,0.98,08-26 21:26:26,08-26 21:27:25
13-synthesis,live-r1,sy-19,1.14,08-26 21:27:42,08-26 21:28:51
13-synthesis,live-r1,sy-20,1.27,08-26 21:29:08,08-26 21:30:24
13-synthesis,live-r1,sy-21,3.54,08-26 21:30:41,08-26 21:34:14
13-synthesis,live-r1,sy-22,3.19,08-26 21:34:30,08-26 21:37:41
13-synthesis,live-r1,sy-23,3.55,08-26 21:37:57,08-26 21:41:30
13-synthesis,live-r1,sy-24,5.18,08-26 21:41:47,08-26 21:46:57
13-synthesis,live-r1,sy-25,5.13,08-26 21:47:13,08-26 21:52:21
13-synthesis,live-r1,sy-26,2.65,08-26 21:52:37,08-26 21:55:16
13-synthesis,live-r1,sy-27,3.44,08-26 21:55:32,08-26 21:58:58
13-synthesis,live-r1,sy-28,3.44,08-26 21:59:14,08-26 22:02:40
13-synthesis,live-r1,sy-29,4.98,08-26 22:02:56,08-26 22:07:55
13-synthesis,live-r1,sy-30,3.05,08-26 22:08:10,08-26 22:11:13
13-synthesis,live-r2,sy-01,2.55,08-27 13:52:16,08-27 13:54:48
13-synthesis,live-r2,sy-02,2.35,08-27 13:55:10,08-27 13:57:31
13-synthesis,live-r2,sy-03,2.48,08-27 13:57:53,08-27 14:00:22
13-synthesis,live-r2,sy-04,2.6,08-27 14:00:43,08-27 14:03:20
13-synthesis,live-r2,sy-05,3.93,08-27 14:03:41,08-27 14:07:38
13-synthesis,live-r2,sy-07,2.38,08-27 14:07:59,08-27 14:10:22
13-synthesis,live-r2,sy-08,2.53,08-27 14:10:44,08-27 14:13:16
13-synthesis,live-r2,sy-09,2.5,08-27 14:13:38,08-27 14:16:07
13-synthesis,live-r2,sy-10,3.62,08-27 14:16:29,08-27 14:20:07
13-synthesis,live-r2,sy-11,5.02,08-27 14:20:30,08-27 14:25:32
13-synthesis,live-r2,sy-13,4.74,08-27 14:25:55,08-27 14:30:40
13-synthesis,live-r2,sy-14,5.03,08-27 14:31:03,08-27 14:36:05
13-synthesis,live-r2,sy-16,5.23,08-27 14:36:29,08-27 14:41:43
13-synthesis,live-r2,sy-17,5.52,08-27 14:42:06,08-27 14:47:37
13-synthesis,live-r2,sy-21,2.82,08-27 14:48:01,08-27 14:50:50
13-synthesis,live-r2,sy-22,3.68,08-27 14:51:13,08-27 14:54:54
13-synthesis,live-r2,sy-23,3.71,08-27 14:55:17,08-27 14:59:00
13-synthesis,live-r2,sy-24,3.78,08-27 14:59:23,08-27 15:03:10
13-synthesis,live-r2,sy-25,3.49,08-27 15:03:33,08-27 15:07:02
13-synthesis,live-r2,sy-26,3.58,08-27 15:07:25,08-27 15:11:00
13-synthesis,live-r2,sy-27,3.87,08-27 15:11:24,08-27 15:15:15
13-synthesis,live-r2,sy-28,3.54,08-27 15:15:39,08-27 15:19:11
13-synthesis,live-r2,sy-29,3.63,08-27 15:19:34,08-27 15:23:11
13-synthesis,live-r3,sy-01,1.94,08-27 22:44:25,08-27 22:46:22
13-synthesis,live-r3,sy-02,2.8,08-27 22:46:44,08-27 22:49:32
13-synthesis,live-r3,sy-03,2.44,08-27 22:49:54,08-27 22:52:20
13-synthesis,live-r3,sy-04,2.49,08-27 22:52:42,08-27 22:55:11
13-synthesis,live-r3,sy-05,1.98,08-27 22:55:33,08-27 22:57:32
13-synthesis,live-r3,sy-07,2.22,08-27 22:57:55,08-27 23:00:08
13-synthesis,live-r3,sy-08,1.92,08-27 23:00:30,08-27 23:02:25
13-synthesis,live-r3,sy-09,1.87,08-27 23:02:48,08-27 23:04:40
13-synthesis,live-r3,sy-10,2.4,08-27 23:05:02,08-27 23:07:26
13-synthesis,live-r3,sy-11,5.41,08-27 23:07:50,08-27 23:13:15
13-synthesis,live-r3,sy-13,6.27,08-27 23:13:38,08-27 23:19:55
13-synthesis,live-r3,sy-14,4.75,08-27 23:20:18,08-27 23:25:04
13-synthesis,live-r3,sy-16,3.5,08-27 23:25:28,08-27 23:28:58
13-synthesis,live-r3,sy-17,5.32,08-27 23:29:22,08-27 23:34:41
13-synthesis,live-r3,sy-21,3.78,08-27 23:35:05,08-27 23:38:51
13-synthesis,live-r3,sy-22,3.84,08-27 23:39:15,08-27 23:43:05
13-synthesis,live-r3,sy-23,3.85,08-27 23:43:29,08-27 23:47:19
13-synthesis,live-r3,sy-24,2.49,08-27 23:47:43,08-27 23:50:12
13-synthesis,live-r3,sy-25,3.39,08-27 23:50:36,08-27 23:53:59
13-synthesis,live-r3,sy-26,3.73,08-27 23:54:22,08-27 23:58:06
13-synthesis,live-r3,sy-27,3.76,08-27 23:58:29,08-28 00:02:15
13-synthesis,live-r3,sy-28,3.64,08-28 00:02:38,08-28 00:06:16
13-synthesis,live-r3,sy-29,4.57,08-28 00:06:40,08-28 00:11:14
13-synthesis,live-r4,sy-02,2.04,08-28 03:10:38,08-28 03:12:40
13-synthesis,live-r4,sy-03,2.47,08-28 03:13:02,08-28 03:15:30
13-synthesis,live-r4,sy-04,1.93,08-28 03:15:52,08-28 03:17:48
13-synthesis,live-r4,sy-07,2.3,08-28 03:18:10,08-28 03:20:28
14-budget-inflation,live-r1,bi-01,1.32,08-28 00:20:21,08-28 00:21:40
14-budget-inflation,live-r1,bi-02,0.63,08-28 00:22:54,08-28 00:23:31
14-budget-inflation,live-r1,bi-03,1.62,08-28 00:23:42,08-28 00:25:19
14-budget-inflation,live-r1,bi-04,0.57,08-28 00:25:29,08-28 00:26:04
14-budget-inflation,live-r1,bi-05,1.44,08-28 00:26:31,08-28 00:27:57
14-budget-inflation,live-r1,bi-06,1.14,08-28 00:29:41,08-28 00:30:50
14-budget-inflation,live-r1,bi-07,0.59,08-28 00:31:15,08-28 00:31:51
14-budget-inflation,live-r1,bi-08,0.59,08-28 00:32:17,08-28 00:32:52
14-budget-inflation,live-r1,bi-09,0.6,08-28 00:33:18,08-28 00:33:54
14-budget-inflation,live-r1,bi-10,0.59,08-28 00:34:19,08-28 00:34:54
14-budget-inflation,live-r1,bi-11,0.88,08-28 00:35:20,08-28 00:36:12
14-budget-inflation,live-r1,bi-12,1.68,08-28 00:38:23,08-28 00:40:04
14-budget-inflation,live-r1,bi-13,2.38,08-28 00:42:16,08-28 00:44:39
14-budget-inflation,live-r1,bi-14,2.38,08-28 00:46:51,08-28 00:49:14
14-budget-inflation,live-r1,bi-15,2.38,08-28 00:51:26,08-28 00:53:49
14-budget-inflation,live-r1,bi-16,2.31,08-28 00:56:03,08-28 00:58:21
14-budget-inflation,live-r1,bi-17,1.95,08-28 00:58:31,08-28 01:00:28
14-budget-inflation,live-r1,bi-18,1.96,08-28 01:00:38,08-28 01:02:36
14-budget-inflation,live-r1,bi-19,0.58,08-28 01:03:02,08-28 01:03:37
14-budget-inflation,live-r1,bi-20,0.59,08-28 01:04:03,08-28 01:04:38
14-budget-inflation,live-r1,bi-21,0.58,08-28 01:05:04,08-28 01:05:39
14-budget-inflation,live-r1,bi-22,0.59,08-28 01:06:05,08-28 01:06:40
14-budget-inflation,live-r1,bi-23,0.59,08-28 01:07:06,08-28 01:07:41
14-budget-inflation,live-r1,bi-24,0.58,08-28 01:08:07,08-28 01:08:41
14-budget-inflation,live-r1,bi-25,2.33,08-28 01:10:52,08-28 01:13:11
14-budget-inflation,live-r1,bi-26,2.34,08-28 01:15:22,08-28 01:17:42
14-budget-inflation,live-r1,bi-27,2.34,08-28 01:19:53,08-28 01:22:13
14-budget-inflation,live-r1,bi-28,2.34,08-28 01:24:23,08-28 01:26:44
14-budget-inflation,live-r1,bi-29,1.52,08-28 01:28:55,08-28 01:30:26
14-budget-inflation,live-r1,bi-30,2.48,08-28 01:32:37,08-28 01:35:06
14-budget-inflation,live-r1,bi-31,0.66,08-28 01:35:49,08-28 01:36:28
14-budget-inflation,live-r1,bi-32,1.03,08-28 01:36:39,08-28 01:37:40
14-budget-inflation,live-r1,bi-33,0.46,08-28 01:37:51,08-28 01:38:19
14-budget-inflation,live-r1,bi-34,0.66,08-28 01:38:30,08-28 01:39:10
14-budget-inflation,live-r1,bi-35,0.68,08-28 01:39:21,08-28 01:40:02
14-budget-inflation,live-r1,bi-36,0.41,08-28 01:40:12,08-28 01:40:37
14-budget-inflation,live-r2,bi-01,0.67,08-28 01:51:58,08-28 01:52:38
14-budget-inflation,live-r2,bi-02,0.5,08-28 01:52:49,08-28 01:53:19
14-budget-inflation,live-r2,bi-05,1.08,08-28 01:53:46,08-28 01:54:50
14-budget-inflation,live-r2,bi-07,1.14,08-28 01:55:16,08-28 01:56:24
14-budget-inflation,live-r2,bi-08,0.61,08-28 01:56:50,08-28 01:57:27
14-budget-inflation,live-r2,bi-09,1.31,08-28 01:57:52,08-28 01:59:11
14-budget-inflation,live-r2,bi-10,1.24,08-28 01:59:36,08-28 02:00:51
14-budget-inflation,live-r2,bi-11,0.57,08-28 02:01:16,08-28 02:01:51
14-budget-inflation,live-r2,bi-12,1.02,08-28 02:02:00,08-28 02:03:01
14-budget-inflation,live-r2,bi-13,2.34,08-28 02:05:01,08-28 02:07:22
14-budget-inflation,live-r2,bi-14,1.87,08-28 02:09:34,08-28 02:11:26
14-budget-inflation,live-r2,bi-15,2.18,08-28 02:13:39,08-28 02:15:50
14-budget-inflation,live-r2,bi-19,0.58,08-28 02:16:16,08-28 02:16:50
14-budget-inflation,live-r2,bi-20,0.58,08-28 02:17:16,08-28 02:17:51
14-budget-inflation,live-r2,bi-21,0.58,08-28 02:18:16,08-28 02:18:51
14-budget-inflation,live-r2,bi-22,0.58,08-28 02:19:16,08-28 02:19:51
14-budget-inflation,live-r2,bi-23,2.31,08-28 02:20:16,08-28 02:22:35
14-budget-inflation,live-r2,bi-24,0.58,08-28 02:23:01,08-28 02:23:36
14-budget-inflation,live-r2,bi-25,2.32,08-28 02:24:33,08-28 02:26:53
14-budget-inflation,live-r2,bi-26,0.65,08-28 02:27:37,08-28 02:28:16
14-budget-inflation,live-r2,bi-27,2.34,08-28 02:30:26,08-28 02:32:46
14-budget-inflation,live-r2,bi-28,0.58,08-28 02:34:57,08-28 02:35:31
14-budget-inflation,live-r2,bi-29,0.84,08-28 02:36:36,08-28 02:37:26
14-budget-inflation,live-r2,bi-30,2.33,08-28 02:39:36,08-28 02:41:57
14-budget-inflation,live-r2,bi-31,0.56,08-28 02:42:07,08-28 02:42:41
14-budget-inflation,live-r3,bi-05,1.43,08-28 02:49:29,08-28 02:50:55
14-budget-inflation,live-r3,bi-08,2.33,08-28 02:51:20,08-28 02:53:40
14-budget-inflation,live-r3,bi-11,2.32,08-28 02:54:05,08-28 02:56:25
14-budget-inflation,live-r3,bi-13,1.36,08-28 02:58:36,08-28 02:59:58
14-budget-inflation,live-r3,bi-14,0.63,08-28 03:02:10,08-28 03:02:48
14-budget-inflation,live-r3,bi-15,2.3,08-28 03:05:00,08-28 03:07:18
top-level,live-r2,mp-01,1.15,08-28 03:29:24,08-28 03:30:33
top-level,live-r2,mp-02,0.03,08-28 03:30:41,08-28 03:30:42
top-level,live-r2,mp-03,1.8,08-28 03:30:54,08-28 03:32:42
top-level,live-r2,mp-04,0.03,08-28 03:32:46,08-28 03:32:48
top-level,live-r2,mp-05,0.03,08-28 03:32:59,08-28 03:33:00
top-level,live-r2,mp-06,0.69,08-28 03:33:06,08-28 03:33:48
top-level,live-r2,mp-07,2.05,08-28 03:33:59,08-28 03:36:02
top-level,live-r2,mp-08,0.55,08-28 03:36:07,08-28 03:36:40
top-level,live-r3,mp-01,1.27,08-28 03:50:09,08-28 03:51:26
top-level,live-r3,mp-02,0.12,08-28 03:51:38,08-28 03:51:45
top-level,live-r3,mp-03,2.27,08-28 03:52:03,08-28 03:54:20
top-level,live-r3,mp-04,0.13,08-28 03:54:28,08-28 03:54:36
top-level,live-r3,mp-05,0.05,08-28 03:54:42,08-28 03:54:45
top-level,live-r3,mp-06,0.99,08-28 03:54:52,08-28 03:55:52
top-level,live-r3,mp-07,2.16,08-28 03:56:03,08-28 03:58:13
top-level,live-r3,mp-08,0.98,08-28 03:58:18,08-28 03:59:16
