To read and display the contents of a CSV file with headers, you can use Python's built-in `csv` module. This module provides functionality to parse CSV files and handle them efficiently. Below is an example code snippet that demonstrates how to read a CSV file with headers and ensure each row has the correct number of columns as specified in the header.

```python
import csv

def read_csv_with_headers(file_path):
    try:
        # Open the CSV file in read mode
        with open(file_path, mode='r', newline='') as file:
            reader = csv.reader(file)
            
            # Read and display the headers
            headers = next(reader)
            print("Headers:", headers)
            
            # Check if each row has the correct number of columns
            for row in reader:
                if len(row) != len(headers):
                    raise ValueError(f"Row with {len(row)} columns does not match the expected {len(headers)} columns.")
                
                # Display the row
                print("Row:", row)
    
    except FileNotFoundError:
        print(f"The file '{file_path}' was not found.")
    except csv.Error as e:
        print(f"An error occurred while reading the CSV file: {e}")

# Example usage
file_path = 'example.csv'
read_csv_with_headers(file_path)
```

### Explanation:

1. **Import the `csv` module**: This module provides classes for parsing and writing CSV files.

2. **Define a function `read_csv_with_headers`**:
   - Takes `file_path` as an argument, which is the path to the CSV file.
   - Opens the file in read mode using `open(file_path, mode='r', newline='')`.
   - Uses `csv.reader` to create a reader object that can iterate over the rows of the CSV file.

3. **Read and display the headers**:
   - The first row returned by `next(reader)` is assumed to be the header row.
   - Print the headers to verify they are correct.

4. **Check each row for the correct number of columns**:
   - Iterate over the remaining rows in the CSV file.
   - For each row, check if its length matches the length of the headers.
   - If a row does not match, raise a `ValueError` with an appropriate message.

5. **Handle exceptions**:
   - Catch `FileNotFoundError` to handle cases where the file is not found.
   - Catch `csv.Error` to handle any other errors that occur during CSV parsing.

6. **Example usage**: Replace `'example.csv'` with the path to your actual CSV file and call the function to read and display its contents.

This code will help you ensure that each row in your CSV file has the correct number of columns as specified by the headers, providing a robust way to handle CSV data in Python.